{ "100010.x": 640.000000, "100010.target[0]": 188.000000, "100010.y": 360.000000, "100010.g_force": 0.102667, "100010.color": 8734901.000000, "global.level": 1.000000, "100010.radius": 117.000000, "100010.spin": 0.176490 }
{ "100026.x": 640.000000, "100026.y": 360.000000, "100026.spin": -0.396941, "100026.g_force": 0.507000, "100026.color": 8099662.000000, "global.level": 2.000000, "100026.target[0]": 268.000000, "100026.radius": 260.000000 }
{ "100038.g_force": 0.491520, "global.level": 3.000000, "100038.x": 640.000000, "100038.y": 360.000000, "100038.radius": 256.000000, "100038.spin": 0.390175, "100038.target[0]": 71.000000, "100038.target[1]": 137.000000, "100038.color": 4226692.000000 }
{ "100056.radius": 270.000000, "100056.target[0]": 133.000000, "100056.target[1]": 309.000000, "global.level": 4.000000, "100056.y": 360.000000, "100056.x": 640.000000, "100056.color": 4662829.000000, "100056.spin": 0.148852, "100056.g_force": 0.546750 }
{ "100072.radius": 132.000000, "global.level": 5.000000, "100072.y": 360.000000, "100072.x": 640.000000, "100072.spin": 0.374796, "100072.g_force": 0.130680, "100072.target[1]": 219.000000, "100072.color": 8150957.000000, "100072.target[0]": 193.000000 }
{ "100088.color": 4728891.000000, "100088.radius": 103.000000, "global.level": 6.000000, "100088.target[0]": 253.000000, "100088.target[1]": 173.000000, "100088.target[2]": 55.000000, "100088.x": 640.000000, "100088.y": 360.000000, "100088.spin": 0.373814, "100088.g_force": 0.079567 }
{ "100107.target[2]": 325.000000, "100107.target[1]": 223.000000, "100107.spin": -0.162266, "100107.target[0]": 239.000000, "global.level": 7.000000, "100107.x": 640.000000, "100107.y": 360.000000, "100107.color": 9386311.000000, "100107.radius": 278.000000, "100107.g_force": 0.579630 }
{ "100141.target[2]": 104.000000, "100141.y": 360.000000, "100141.x": 640.000000, "100141.target[0]": 140.000000, "100141.target[1]": 317.000000, "100141.spin": -0.144554, "100141.color": 8084777.000000, "100141.g_force": 0.075000, "100141.radius": 100.000000, "global.level": 8.000000 }
{ "100164.target[0]": 231.000000, "100164.radius": 205.000000, "100164.g_force": 0.315187, "100164.spin": 0.351984, "100162.x": 1643.500000, "100162.y": 1186.000000, "global.level": 9.000000, "100162.spin": 0.353425, "100162.radius": 103.000000, "100164.y": 254.000000, "100162.g_force": 0.079567, "100162.target[0]": 311.000000, "100164.x": 916.500000, "100162.color": 8662544.000000, "100164.color": 2383442.000000 }
{ "100198.y": 870.500000, "100198.x": 1024.500000, "100200.spin": 0.118680, "100198.spin": -0.369245, "100200.g_force": 0.327607, "100198.color": 929091.000000, "100200.x": 1535.500000, "global.level": 10.000000, "100200.y": 569.500000, "100200.target[0]": 178.000000, "100198.radius": 202.000000, "100198.g_force": 0.306030, "100200.radius": 209.000000, "100198.target[0]": 127.000000, "100200.color": 8085572.000000 }
{ "100216.radius": 240.000000, "100214.target[0]": 301.000000, "100216.g_force": 0.432000, "100214.radius": 264.000000, "global.level": 11.000000, "100214.y": 860.500000, "100214.x": 1910.000000, "100216.color": 11436364.000000, "100214.color": 4135235.000000, "100216.y": 579.500000, "100216.spin": 0.357009, "100216.target[0]": 323.000000, "100216.x": 650.000000, "100214.spin": 0.161848, "100214.g_force": 0.522720 }
{ "100230.radius": 167.000000, "100233.color": 3627059.000000, "100233.g_force": 0.216750, "100233.y": 932.500000, "100233.x": 1740.000000, "100233.radius": 170.000000, "global.level": 12.000000, "100230.y": 507.500000, "100230.target[0]": 96.000000, "100230.x": 820.000000, "100230.color": 6923185.000000, "100230.target[1]": 226.000000, "100233.spin": -0.282483, "100233.target[0]": 291.000000, "100230.spin": 0.304877, "100233.target[1]": 88.000000, "100230.g_force": 0.209167 }
{ "100269.target[1]": 167.000000, "100269.spin": -0.165303, "100269.target[0]": 310.000000, "100269.g_force": 0.109807, "100269.x": 967.500000, "100269.color": 1977927.000000, "100269.y": 536.000000, "100272.radius": 190.000000, "100272.g_force": 0.270750, "100272.color": 10981969.000000, "global.level": 13.000000, "100272.target[0]": 75.000000, "100272.y": 904.000000, "100272.x": 1592.500000, "100272.spin": 0.272889, "100272.target[1]": 306.000000, "100269.radius": 121.000000 }
{ "100304.target[0]": 210.000000, "100301.color": 9447461.000000, "100304.target[1]": 103.000000, "100301.y": 1054.500000, "100301.x": 2017.500000, "100304.x": 542.500000, "100304.y": 385.500000, "100304.spin": 0.365424, "100301.spin": 0.342863, "global.level": 14.000000, "100301.radius": 202.000000, "100304.radius": 195.000000, "100304.g_force": 0.285187, "100301.target[0]": 309.000000, "100301.target[1]": 330.000000, "100304.color": 6903083.000000, "100301.g_force": 0.306030 }
{ "100327.y": 902.000000, "100327.x": 538.000000, "100327.color": 866387.000000, "100327.spin": 0.398935, "100323.color": 2586718.000000, "100327.g_force": 0.542707, "100327.radius": 269.000000, "100323.spin": -0.183842, "100323.g_force": 0.164280, "global.level": 15.000000, "100323.radius": 148.000000, "100323.x": 1335.000000, "100327.target[0]": 218.000000, "100323.y": 940.000000, "100323.target[2]": 61.000000, "100327.target[1]": 323.000000, "100327.target[2]": 139.000000, "100323.target[1]": 247.000000, "100323.target[0]": 189.000000 }
{ "100376.target[0]": 62.000000, "100376.target[1]": 148.000000, "100372.target[2]": 289.000000, "100372.x": 1739.000000, "100372.target[1]": 48.000000, "100376.target[2]": 93.000000, "100372.y": 686.000000, "100376.radius": 115.000000, "100372.color": 1095072.000000, "100372.target[0]": 313.000000, "100376.color": 11309125.000000, "global.level": 16.000000, "100372.g_force": 0.134670, "100376.spin": -0.362024, "100376.g_force": 0.099187, "100376.y": 754.000000, "100376.x": 821.000000, "100372.spin": -0.398156, "100372.radius": 134.000000 }
{ "100412.target[0]": 137.000000, "100412.y": 388.000000, "100412.target[1]": 176.000000, "100416.target[2]": 169.000000, "100412.x": 1084.000000, "100416.radius": 296.000000, "100416.target[1]": 104.000000, "100412.target[2]": 311.000000, "100416.color": 6950662.000000, "100416.target[0]": 48.000000, "100416.spin": -0.341414, "100412.spin": 0.173606, "100412.color": 6840470.000000, "global.level": 17.000000, "100416.x": 1968.000000, "100416.y": 592.000000, "100416.g_force": 0.657120, "100412.g_force": 0.282270, "100412.radius": 194.000000 }
{ "100475.color": 9210672.000000, "100480.target[3]": 230.000000, "100475.g_force": 0.379688, "100475.target[0]": 85.000000, "100480.target[2]": 195.000000, "100475.target[1]": 303.000000, "100475.target[2]": 322.000000, "100475.spin": 0.171185, "100480.target[1]": 183.000000, "100475.target[3]": 100.000000, "100480.target[0]": 61.000000, "100480.spin": 0.393130, "global.level": 18.000000, "100475.y": 875.500000, "100475.x": 863.500000, "100480.x": 1696.500000, "100480.y": 564.500000, "100480.color": 9261839.000000, "100480.radius": 192.000000, "100480.g_force": 0.276480, "100475.radius": 225.000000 }
{ "100556.spin": -0.112289, "100556.target[0]": 285.000000, "100556.g_force": 0.567187, "100556.y": 360.000000, "global.level": 1.000000, "100556.x": 640.000000, "100556.color": 5187851.000000, "100556.radius": 275.000000 }
{ "100569.radius": 215.000000, "100569.g_force": 0.346687, "100569.target[0]": 96.000000, "global.level": 2.000000, "100569.spin": 0.219790, "100569.color": 3446874.000000, "100569.x": 640.000000, "100569.y": 360.000000 }
{ "100586.target[0]": 182.000000, "100586.spin": -0.372265, "100586.target[1]": 289.000000, "global.level": 3.000000, "100586.g_force": 0.237630, "100586.color": 6859558.000000, "100586.radius": 178.000000, "100586.x": 640.000000, "100586.y": 360.000000 }
{ "100605.color": 6453833.000000, "100605.g_force": 0.144907, "100605.radius": 139.000000, "100605.x": 640.000000, "100605.y": 360.000000, "global.level": 4.000000, "100605.spin": -0.386030, "100605.target[0]": 202.000000,